{"accuracy": [0.9085506200790405, 0.9474693536758423, 0.9583972096443176, 0.9639570713043213, 0.9710506200790405], "loss": [0.294162780046463, 0.1482296735048294, 0.11705942451953888, 0.0958980843424797, 0.08009102940559387], "sparse_categorical_crossentropy": [0.294162780046463, 0.1482296735048294, 0.11705942451953888, 0.0958980843424797, 0.08009102940559387], "val_accuracy": [0.625, 0.625, 0.625, 0.625, 0.625], "val_loss": [29.12999153137207, 67.29340362548828, 95.05169677734375, 133.5376434326172, 110.13519287109375], "val_sparse_categorical_crossentropy": [29.12999153137207, 67.29340362548828, 95.05169677734375, 133.5376434326172, 110.13519287109375], "learning_rate": [0.0010000000474974513, 0.0010000000474974513, 0.0010000000474974513, 0.0010000000474974513, 0.0010000000474974513]}