{"accuracy": [0.8801290392875671, 0.9565161466598511, 0.9664515852928162, 0.9738064408302307, 0.9765161275863647, 0.9783225655555725, 0.9830967783927917, 0.9861935377120972, 0.9883871078491211, 0.9874838590621948, 0.9887741804122925, 0.994451642036438, 0.9952257871627808, 0.9970322847366333, 0.9969032406806946, 0.9967741966247559], "binary_crossentropy": [0.4433239996433258, 0.12069674581289291, 0.09515722095966339, 0.08388059586286545, 0.06935511529445648, 0.06583480536937714, 0.048569418489933014, 0.0532170906662941, 0.03532451391220093, 0.039753954857587814, 0.04053540527820587, 0.015279967337846756, 0.015919161960482597, 0.012477324344217777, 0.008677380159497261, 0.011291834525763988], "loss": [0.4433239996433258, 0.12069674581289291, 0.09515722095966339, 0.08388059586286545, 0.06935511529445648, 0.06583480536937714, 0.048569418489933014, 0.0532170906662941, 0.03532451391220093, 0.039753954857587814, 0.04053540527820587, 0.015279967337846756, 0.015919161960482597, 0.012477324344217777, 0.008677380159497261, 0.011291834525763988], "val_accuracy": [0.5, 0.5, 0.5, 0.5, 0.6820513010025024, 0.8384615182876587, 0.5012820363044739, 0.5, 0.5, 0.629487156867981, 0.5, 0.5, 0.5, 0.5615384578704834, 0.5, 0.5], "val_binary_crossentropy": [6.197401523590088, 8.607901573181152, 3.702104330062866, 12.596808433532715, 1.9950611591339111, 0.7892115116119385, 7.89710807800293, 10.701805114746094, 18.99901580810547, 4.526156425476074, 74.01226806640625, 11.959399223327637, 17.218551635742188, 11.000961303710938, 50.51594543457031, 34.567543029785156], "val_loss": [6.197401523590088, 8.607901573181152, 3.702104330062866, 12.596808433532715, 1.9950611591339111, 0.7892115116119385, 7.89710807800293, 10.701805114746094, 18.99901580810547, 4.526156425476074, 74.01226806640625, 11.959399223327637, 17.218551635742188, 11.000961303710938, 50.51594543457031, 34.567543029785156], "learning_rate": [0.0010000000474974513, 0.0010000000474974513, 0.0010000000474974513, 0.0010000000474974513, 0.0010000000474974513, 0.0010000000474974513, 0.0010000000474974513, 0.0010000000474974513, 0.0010000000474974513, 0.0010000000474974513, 0.0010000000474974513, 0.0005000000237487257, 0.0005000000237487257, 0.0005000000237487257, 0.0005000000237487257, 0.0005000000237487257]}