{"accuracy": [0.9314838647842407, 0.9716129302978516, 0.9815483689308167, 0.9783225655555725, 0.9814193844795227, 0.9863225817680359, 0.9887741804122925, 0.9914838671684265, 0.9820645451545715, 0.9883871078491211, 0.9910967946052551, 0.9909677505493164, 0.9945806264877319, 0.9921290278434753, 0.991741955280304, 0.9956129193305969, 0.9939354658126831, 0.9957419633865356, 0.9828386902809143, 0.9922580718994141], "binary_crossentropy": [0.20792363584041595, 0.07894466072320938, 0.052763957530260086, 0.06483124196529388, 0.04913892596960068, 0.038813792169094086, 0.03220559284090996, 0.023145191371440887, 0.05073358863592148, 0.030932709574699402, 0.02412174455821514, 0.026529455557465553, 0.015465469099581242, 0.02042056992650032, 0.02027265913784504, 0.014911685138940811, 0.019018838182091713, 0.013412737287580967, 0.05509570986032486, 0.02100718952715397], "loss": [0.20792363584041595, 0.07894466072320938, 0.052763957530260086, 0.06483124196529388, 0.04913892596960068, 0.038813792169094086, 0.03220559284090996, 0.023145191371440887, 0.05073358863592148, 0.030932709574699402, 0.02412174455821514, 0.026529455557465553, 0.015465469099581242, 0.02042056992650032, 0.02027265913784504, 0.014911685138940811, 0.019018838182091713, 0.013412737287580967, 0.05509570986032486, 0.02100718952715397], "val_accuracy": [0.5, 0.5, 0.785897433757782, 0.5, 0.8102564215660095, 0.8128204941749573, 0.7371794581413269, 0.785897433757782, 0.5, 0.8858974575996399, 0.5, 0.6012820601463318, 0.5, 0.5153846144676208, 0.7294871807098389, 0.5012820363044739, 0.6217948794364929, 0.521794855594635, 0.5910256505012512, 0.8538461327552795], "val_binary_crossentropy": [1.428566336631775, 2.8820807933807373, 0.42871758341789246, 23.302101135253906, 0.524173378944397, 0.5337416529655457, 0.8812392950057983, 0.7051466703414917, 13.506603240966797, 0.2667672634124756, 31.908817291259766, 1.8204491138458252, 5.127006530761719, 3.5701963901519775, 0.875268816947937, 5.8919572830200195, 1.6344892978668213, 3.7900400161743164, 1.497880220413208, 0.5082002282142639], "val_loss": [1.428566336631775, 2.8820807933807373, 0.42871758341789246, 23.302101135253906, 0.524173378944397, 0.5337416529655457, 0.8812392950057983, 0.7051466703414917, 13.506603240966797, 0.2667672634124756, 31.908817291259766, 1.8204491138458252, 5.127006530761719, 3.5701963901519775, 0.875268816947937, 5.8919572830200195, 1.6344892978668213, 3.7900400161743164, 1.497880220413208, 0.5082002282142639], "learning_rate": [0.0010000000474974513, 0.0010000000474974513, 0.0010000000474974513, 0.0010000000474974513, 0.0010000000474974513, 0.0010000000474974513, 0.0010000000474974513, 0.0010000000474974513, 0.0010000000474974513, 0.0010000000474974513, 0.0010000000474974513, 0.0010000000474974513, 0.0010000000474974513, 0.0010000000474974513, 0.0010000000474974513, 0.0010000000474974513, 0.0010000000474974513, 0.0010000000474974513, 0.0010000000474974513, 0.0010000000474974513]}