{
  "test_loss": 12.265326499938965,
  "test_accuracy": 0.625,
  "test_crossentropy": 12.265326499938965,
  "training_history": {
    "loss": [
      0.2846940755844116,
      0.14214791357517242,
      0.11189202964305878,
      0.105115607380867,
      0.09248018264770508
    ],
    "accuracy": [
      0.9120015501976013,
      0.9482361674308777,
      0.9618481397628784,
      0.9654908180236816,
      0.9689416885375977
    ],
    "val_loss": [
      12.265326499938965,
      53.074005126953125,
      82.50341033935547,
      87.14884185791016,
      112.40415954589844
    ],
    "val_accuracy": [
      0.625,
      0.625,
      0.625,
      0.625,
      0.625
    ]
  }
}