{
  "test_loss": 1.243857741355896,
  "test_accuracy": 0.7512820363044739,
  "test_crossentropy": 1.243857741355896,
  "training_history": {
    "loss": [
      0.17200608551502228,
      0.09949346631765366,
      0.08020364493131638,
      0.06274806708097458,
      0.058478374034166336,
      0.06049533560872078,
      0.055254120379686356,
      0.045337215065956116
    ],
    "accuracy": [
      0.9326451420783997,
      0.9634838700294495,
      0.970838725566864,
      0.9771612882614136,
      0.9788386821746826,
      0.977419376373291,
      0.9805161356925964,
      0.9855483770370483
    ],
    "val_loss": [
      7.080029010772705,
      10.137016296386719,
      20.953821182250977,
      0.6922974586486816,
      9.262027740478516,
      7.114981651306152,
      1.4443033933639526,
      3.4442059993743896
    ],
    "val_accuracy": [
      0.5,
      0.5,
      0.625,
      0.75,
      0.5625,
      0.5625,
      0.75,
      0.8125
    ]
  }
}