{
  "test_loss": 7.316686630249023,
  "test_accuracy": 0.5,
  "test_crossentropy": 7.316686630249023,
  "training_history": {
    "loss": [
      0.4067816138267517,
      0.14057756960391998,
      0.09492413699626923,
      0.08169050514698029,
      0.06891294568777084
    ],
    "accuracy": [
      0.8823226094245911,
      0.9517419338226318,
      0.9689032435417175,
      0.9729032516479492,
      0.9771612882614136
    ],
    "val_loss": [
      7.316686630249023,
      11.85064697265625,
      16.724159240722656,
      7.3217854499816895,
      104.23451232910156
    ],
    "val_accuracy": [
      0.5,
      0.5,
      0.5,
      0.5,
      0.5
    ]
  },
  "confusion_matrix": [
    [
      390,
      0
    ],
    [
      390,
      0
    ]
  ]
}