{
  "test_loss": 1.5298045873641968,
  "test_accuracy": 0.5794872045516968,
  "test_crossentropy": 1.5298045873641968,
  "training_history": {
    "loss": [
      0.3894992470741272,
      0.1283017098903656,
      0.09739647805690765,
      0.07876136898994446,
      0.06465424597263336,
      0.06202640384435654,
      0.05491233244538307,
      0.051849596202373505,
      0.02426856756210327,
      0.027246879413723946,
      0.02378212660551071,
      0.018095484003424644,
      0.015746748074889183
    ],
    "accuracy": [
      0.88348388671875,
      0.9585806727409363,
      0.966967761516571,
      0.9721290469169617,
      0.9779354929924011,
      0.9788386821746826,
      0.9846451878547668,
      0.9824516177177429,
      0.991741955280304,
      0.9926451444625854,
      0.9926451444625854,
      0.9941935539245605,
      0.9954838752746582
    ],
    "val_loss": [
      6.77977180480957,
      5.8191142082214355,
      1.5298045873641968,
      5.107154369354248,
      2.613457679748535,
      16.28296661376953,
      84.73302459716797,
      42.77121353149414,
      12.640982627868652,
      19.075151443481445,
      114.73973083496094,
      15.782995223999023,
      12.836554527282715
    ],
    "val_accuracy": [
      0.5,
      0.5,
      0.5794872045516968,
      0.550000011920929,
      0.5102564096450806,
      0.5,
      0.5,
      0.5,
      0.5,
      0.5,
      0.5,
      0.5,
      0.5564102530479431
    ]
  },
  "confusion_matrix": [
    [
      390,
      0
    ],
    [
      390,
      0
    ]
  ]
}